"DESCRIPTION","DURATION IN MS","NAME","PARENT SUITE","START TIME","STATUS","STOP TIME","SUB SUITE","SUITE","TEST CLASS","TEST METHOD"
"","930","空のユーザ名でエラー表示","chromium","2026-10-02","passed","2026-10-02","ログイン機能","login.spec.ts","",""
"","2","TODOをフィルターできること-完了のみ","chromium","2026-10-02","skipped","2026-10-02","","todo.spec.ts","",""
"","1611","優先度でTODOをフィルターできること","chromium","2026-10-02","passed","2026-10-02","","todo.spec.ts","",""
"","1221","期限でTODOをフィルターできること","chromium","2026-10-02","passed","2026-10-02","","todo.spec.ts","",""
"","1194","正しい認証情報でログイン成功","chromium","2026-10-02","passed","2026-10-02","ログイン機能","login.spec.ts","",""
"","1473","TODOで登録できること","chromium","2026-10-02","passed","2026-10-02","","todo.spec.ts","",""
"","1370","TODOをフィルターできること-すべて","chromium","2026-10-02","passed","2026-10-02","","todo.spec.ts","",""
"","1635","memoでファイルアップロード画面が表示されること","chromium","2026-10-02","passed","2026-10-02","","memo.spec.ts","",""
"","833","不正なパスワードでエラー表示","chromium","2026-10-02","passed","2026-10-02","ログイン機能","login.spec.ts","",""
"","1263","フィルターをリセットできること","chromium","2026-10-02","passed","2026-10-02","","todo.spec.ts","",""
"","866","ユーザーID入力欄の上に「こんばんは」が表示される","chromium","2026-10-02","passed","2026-10-02","ログイン機能","login.spec.ts","",""
"","1","TODOをフィルターできること-未完了のみ","chromium","2026-10-02","skipped","2026-10-02","","todo.spec.ts","",""
"","1184","サブメニューで TOP⇒TODO⇒memo に遷移できること","chromium","2026-10-02","passed","2026-10-02","","navigation.spec.ts","",""
